Row Type,Action,Ad status,Final URL,Headline 1,Headline 1 position,Headline 2,Headline 3,Description 1,Description 2,Campaign,Ad group,Ad type
Ad,Add,Enabled,https://cepatdok.blogspot.com,Cepat gᴜgᴜr kami bantu,1,ʙᴇʀᴇs ᴄᴇᴘat pakai ini,Aman tenang,Disᴋᴜsikan kondisi Anda pada kami. Pesan disini sekarang,"Dengan ini bisa selesaikan, sudah banyak yang ʙᴇʀʜᴀsil",CampCepat,blogspot,Responsive search ad
Ad,Add,Enabled,https://cepatdok.on.fleek.co,ᴘanik keʜᴀᴍɪʟan tak diharap,1,Bersih dan tenang,Hanya yang asli pasti,"Hubungi kami sekarang, disᴋᴜsikan kondisi Anda pada kami, jangan diᴛᴜɴᴅᴀ lagi","Dengan ini bisa selesaikan, Yang asʟɪ ᴘᴀsti ʙᴇʀᴇs",CampCepat #3,fleek,Responsive search ad
Ad,Add,Enabled,https://cepatdok.blogspot.com,Pasti gᴜgᴜr cepat,1,Cepat bikin tenang,Ini pasti berhasil,"Hubungi kami sekarang, proses cepat, jangan diᴛᴜɴᴅᴀ lagi",Sudah banyak yang ʙᴇʀʜᴀsil. Tak perlu was-was lagi,CampCepat #3,blogspot,Responsive search ad
Ad,Add,Enabled,https://cepatdok.tumblr.com,Pembersih gᴜgᴜr terbaik,1,Segera selesai,Kembali ʙᴇʀsih sᴇɢᴇʀᴀ,"Pesan disini, disᴋᴜsikan kondisi Anda pada kami, proses cepat","Tak perlu was-was lagi, Yang asʟɪ ᴘᴀsti ʙᴇʀᴇs",CampCepat #3,tumblr,Responsive search ad
Ad,Add,Enabled,https://cepatdok.tumblr.com,Pembersihan yang cepat,1,ʙᴇʀᴇs ᴄᴇᴘat pakai ini,Tak perlu pusing,"Pesan disini, hubungi kami, jangan diᴛᴜɴᴅᴀ lagi","Dengan ini bisa selesaikan, sudah banyak yang ʙᴇʀʜᴀsil",CampCepat #3,tumblr,Responsive search ad
Ad,Add,Enabled,https://cepatdok.tumblr.com,Segera gᴜgᴜr dan beres,1,Bersih dan tenang,Tanpa masalah,Disᴋᴜsikan kondisi Anda pada kami. Pesan disini sekarang,"Dengan ini bisa selesaikan, Yang asʟɪ ᴘᴀsti ʙᴇʀᴇs",CampCepat #3,tumblr,Responsive search ad
Ad,Add,Enabled,https://cepatdok.on.fleek.co,ᴘanik keʜᴀᴍɪʟan tak diharap,1,Cepat bikin tenang,Aman tenang,"Hubungi kami sekarang, disᴋᴜsikan kondisi Anda pada kami, jangan diᴛᴜɴᴅᴀ lagi",Sudah banyak yang ʙᴇʀʜᴀsil. Tak perlu was-was lagi,CampCepat #4,fleek,Responsive search ad
Ad,Add,Enabled,https://cepatdok.tumblr.com,Cepat gᴜgᴜr kami bantu,1,Segera selesai,Hanya yang asli pasti,"Hubungi kami sekarang, proses cepat, jangan diᴛᴜɴᴅᴀ lagi","Tak perlu was-was lagi, Yang asʟɪ ᴘᴀsti ʙᴇʀᴇs",CampCepat #4,tumblr,Responsive search ad
Ad,Add,Enabled,https://cepatdok.blogspot.com,ᴘanik keʜᴀᴍɪʟan tak diharap,1,ʙᴇʀᴇs ᴄᴇᴘat pakai ini,Ini pasti berhasil,Disᴋᴜsikan kondisi Anda pada kami. Pesan disini sekarang,"Yang asʟɪ ᴘᴀsti ʙᴇʀᴇs, sudah banyak yang ʙᴇʀʜᴀsil.",CampCepat,blogspot,Responsive search ad
Ad,Add,Enabled,https://cepatdok.on.fleek.co,Pasti gᴜgᴜr cepat,1,Bersih dan tenang,Aman tenang,"Hubungi kami sekarang, disᴋᴜsikan kondisi Anda pada kami, jangan diᴛᴜɴᴅᴀ lagi","Dengan ini bisa selesaikan, sudah banyak yang ʙᴇʀʜᴀsil",CampCepat #2,fleek,Responsive search ad
Ad,Add,Enabled,https://cepatdok.blogspot.com,Pembersih gᴜgᴜr terbaik,1,Cepat bikin tenang,Hanya yang asli pasti,"Hubungi kami sekarang, proses cepat, jangan diᴛᴜɴᴅᴀ lagi","Dengan ini bisa selesaikan, Yang asʟɪ ᴘᴀsti ʙᴇʀᴇs",CampCepat #4,blogspot,Responsive search ad
Ad,Add,Enabled,https://cepatdok.blogspot.com,Pembersihan yang cepat,1,ʙᴇʀᴇs ᴄᴇᴘat pakai ini,Ini pasti berhasil,"Pesan disini, disᴋᴜsikan kondisi Anda pada kami, proses cepat",Sudah banyak yang ʙᴇʀʜᴀsil. Tak perlu was-was lagi,CampCepat,blogspot,Responsive search ad
Ad,Add,Enabled,https://cepatdok.on.fleek.co,Segera gᴜgᴜr dan beres,1,Bersih dan tenang,Kembali ʙᴇʀsih sᴇɢᴇʀᴀ,"Pesan disini, hubungi kami, jangan diᴛᴜɴᴅᴀ lagi","Tak perlu was-was lagi, Yang asʟɪ ᴘᴀsti ʙᴇʀᴇs",CampCepat,fleek,Responsive search ad
Ad,Add,Enabled,https://cepatdok.blogspot.com,Pasti gᴜgᴜr cepat,1,Cepat bikin tenang,Tak perlu pusing,"Pesan disini, hubungi sekarang, jangan diᴛᴜɴᴅᴀ lagi","Yang asʟɪ ᴘᴀsti ʙᴇʀᴇs, sudah banyak yang ʙᴇʀʜᴀsil.",CampCepat #3,blogspot,Responsive search ad
Ad,Add,Enabled,https://cepatdok.on.fleek.co,Pembersih gᴜgᴜr terbaik,1,Segera selesai,Tanpa masalah,"Hubungi kami sekarang, proses cepat, jangan diᴛᴜɴᴅᴀ lagi",Yang asʟɪ ᴘᴀsti ʙᴇʀᴇs. Dengan ini bisa selesaikan,CampCepat #3,fleek,Responsive search ad
