Ad status,Final URL,Headline 1,Headline 1 position,Headline 2,Headline 3,Description 1,Description 2,Campaign,Ad group,Ad type,Ad ID
Enabled,https://dktrcepat.surge.sh,Bisa Order Sekarang,1,Pesan segera disini,Hanya yang asli pasti,Disᴋᴜsikan kondisi Anda pada kami. Pesan disini sekarang,"Dengan ini bisa selesaikan, sudah banyak yang ʙᴇʀʜᴀsil",WebBaru,SgSh,Responsive search ad,650852159997
Enabled,https://dktercepat.blogspot.com,Tingkat keberhasilan 100%,1,Bersih dan tenang,Ini pasti berhasil,"Hubungi kami sekarang, disᴋᴜsikan kondisi Anda pada kami, jangan diᴛᴜɴᴅᴀ lagi","Dengan ini bisa selesaikan, Yang asʟɪ ᴘᴀsti ʙᴇʀᴇs",WebBaru,BlSp,Responsive search ad,650955982076
Enabled,https://cepatdok.web.app,Buka 24 Jam,1,Cepat bikin tenang,Kembali ʙᴇʀsih sᴇɢᴇʀᴀ,"Hubungi kami sekarang, proses cepat, jangan diᴛᴜɴᴅᴀ lagi",Sudah banyak yang ʙᴇʀʜᴀsil. Tak perlu was-was lagi,WebBaru,WbAp,Responsive search ad,650881322548
Enabled,https://dktercepat.blogspot.com,Kmi Siap Bantu,1,Segera selesai,Tak perlu pusing,"Pesan disini, disᴋᴜsikan kondisi Anda pada kami, proses cepat","Tak perlu was-was lagi, Yang asʟɪ ᴘᴀsti ʙᴇʀᴇs",WebBaru,BlSp,Responsive search ad,650852115552
Enabled,https://cepatdok.firebaseapp.com,Jangn Panik,1,No tipu-tipu,Tanpa masalah,"Pesan disini, hubungi kami, jangan diᴛᴜɴᴅᴀ lagi","Yang asʟɪ ᴘᴀsti ʙᴇʀᴇs, sudah banyak yang ʙᴇʀʜᴀsil.",WebBaru,FrBs,Responsive search ad,650955982208
Enabled,https://dktercepat.pages.dev,Bergaransi uang kembali,1,Cukup Sekali dan Terbukti,Hanya yang asli pasti,"Pesan disini, hubungi sekarang, jangan diᴛᴜɴᴅᴀ lagi","Dengan ini bisa selesaikan, sudah banyak yang ʙᴇʀʜᴀsil",WebBaru,PgDv,Responsive search ad,650955982070
Enabled,https://dktercepat.tumblr.com,Penggugr untk Kndungn Saat Ini,1,Promo untuk hari ini,Ini pasti berhasil,Disᴋᴜsikan kondisi Anda pada kami. Pesan disini sekarang,"Dengan ini bisa selesaikan, Yang asʟɪ ᴘᴀsti ʙᴇʀᴇs",WebBaru,TmBl,Responsive search ad,650955982214
Enabled,https://dktercepat.tumblr.com,Kualitas No.1 Paling Ampuh,1,Pesan segera disini,Kembali ʙᴇʀsih sᴇɢᴇʀᴀ,"Hubungi kami sekarang, disᴋᴜsikan kondisi Anda pada kami, jangan diᴛᴜɴᴅᴀ lagi",Sudah banyak yang ʙᴇʀʜᴀsil. Tak perlu was-was lagi,WebBaru,TmBl,Responsive search ad,650955982079
Enabled,https://dktrcepat.surge.sh,Peng9u gur Asli 100%,1,Bersih dan tenang,Tak perlu pusing,"Hubungi kami sekarang, proses cepat, jangan diᴛᴜɴᴅᴀ lagi","Tak perlu was-was lagi, Yang asʟɪ ᴘᴀsti ʙᴇʀᴇs",WebBaru,SgSh,Responsive search ad,650852159994
Enabled,https://cepatdok.firebaseapp.com,Bisa Order Sekarang,1,Cepat bikin tenang,Tanpa masalah,"Pesan disini, disᴋᴜsikan kondisi Anda pada kami, proses cepat","Yang asʟɪ ᴘᴀsti ʙᴇʀᴇs, sudah banyak yang ʙᴇʀʜᴀsil.",WebBaru,FrBs,Responsive search ad,650881337167
Enabled,https://dktercepat.pages.dev,Tingkat keberhasilan 100%,1,Segera selesai,Hanya yang asli pasti,"Pesan disini, hubungi kami, jangan diᴛᴜɴᴅᴀ lagi","Dengan ini bisa selesaikan, sudah banyak yang ʙᴇʀʜᴀsil",WebBaru,PgDv,Responsive search ad,650955982205
Enabled,https://dktrcepat.surge.sh,Buka 24 Jam,1,No tipu-tipu,Ini pasti berhasil,"Pesan disini, hubungi sekarang, jangan diᴛᴜɴᴅᴀ lagi","Dengan ini bisa selesaikan, Yang asʟɪ ᴘᴀsti ʙᴇʀᴇs",WebBaru,SgSh,Responsive search ad,650852160120
Enabled,https://dktercepat.blogspot.com,Kmi Siap Bantu,1,Cukup Sekali dan Terbukti,Kembali ʙᴇʀsih sᴇɢᴇʀᴀ,Disᴋᴜsikan kondisi Anda pada kami. Pesan disini sekarang,Sudah banyak yang ʙᴇʀʜᴀsil. Tak perlu was-was lagi,WebBaru,BlSp,Responsive search ad,650955982211
Enabled,https://dktercepat.pages.dev,Jangn Panik,1,Promo untuk hari ini,Tak perlu pusing,"Hubungi kami sekarang, disᴋᴜsikan kondisi Anda pada kami, jangan diᴛᴜɴᴅᴀ lagi","Tak perlu was-was lagi, Yang asʟɪ ᴘᴀsti ʙᴇʀᴇs",WebBaru,PgDv,Responsive search ad,650950480751
Enabled,https://cepatdok.web.app,Bergaransi uang kembali,1,Pesan segera disini,Tanpa masalah,"Hubungi kami sekarang, proses cepat, jangan diᴛᴜɴᴅᴀ lagi","Yang asʟɪ ᴘᴀsti ʙᴇʀᴇs, sudah banyak yang ʙᴇʀʜᴀsil.",WebBaru,WbAp,Responsive search ad,650955982067
Enabled,https://cepatdok.web.app,Penggugr untk Kndungn Saat Ini,1,Bersih dan tenang,Hanya yang asli pasti,"Pesan disini, disᴋᴜsikan kondisi Anda pada kami, proses cepat","Dengan ini bisa selesaikan, sudah banyak yang ʙᴇʀʜᴀsil",WebBaru,WbAp,Responsive search ad,650955982202
Enabled,https://dktercepat.tumblr.com,Kualitas No.1 Paling Ampuh,1,Cepat bikin tenang,Ini pasti berhasil,"Pesan disini, hubungi kami, jangan diᴛᴜɴᴅᴀ lagi","Dengan ini bisa selesaikan, Yang asʟɪ ᴘᴀsti ʙᴇʀᴇs",WebBaru,TmBl,Responsive search ad,650852115549
Enabled,https://cepatdok.firebaseapp.com,Peng9u gur Asli 100%,1,Segera selesai,Kembali ʙᴇʀsih sᴇɢᴇʀᴀ,"Pesan disini, hubungi sekarang, jangan diᴛᴜɴᴅᴀ lagi",Sudah banyak yang ʙᴇʀʜᴀsil. Tak perlu was-was lagi,WebBaru,FrBs,Responsive search ad,650955982073
